id , name, city , email, phone
1, Dell Goldfinch, Shij 8609657940
2, Robb Groven, Tabu, rgrovenl@bandcamp. com, 5208396145
3, Frannie Mardoll, Pacajus,fmard0112@tuttocitta. it, 3377870047
4, Donaugh
5, Clarie Swiggs, Bilovice, cswiggs4@rediff . com, 6662222043
6, Cahra Michiel,Cennan,cmichie15@usnews. com, 3641707554
7 , Hinda Moye, Sanj iang,hmoye6@yellowbook. com, 1037138359
8,Malia Larmouth,Äbdänän,mlarmouth7@histats.com, 8858893642
9, Florentia Blundon, Zaoxi, fblundon8@quantcast.com, 7373066451
10, Erwin Kohneke,Zhongxiao,ekohneke9@alibaba. com, 9725490770